{
  "timestamp": "2026-02-09 15:17:43",
  "based_on_draws": 1662,
  "methods": {
    "高概率推荐": {
      "red_candidates": [
        2,
        17,
        9,
        22,
        6,
        8,
        10,
        18,
        26,
        27
      ],
      "red_with_prob": [
        [
          2,
          0.035462953741017114
        ],
        [
          17,
          0.03424532277094219
        ],
        [
          9,
          0.03366306329773378
        ],
        [
          22,
          0.03336706863000475
        ],
        [
          6,
          0.03320001379035595
        ],
        [
          8,
          0.03303742166311693
        ],
        [
          10,
          0.032937269203070656
        ],
        [
          18,
          0.032679389546910194
        ],
        [
          26,
          0.03251719963838622
        ],
        [
          27,
          0.03236433737339687
        ]
      ],
      "blue_candidates": [
        15,
        16,
        3,
        4,
        6
      ],
      "blue_with_prob": [
        [
          15,
          0.07637751857972178
        ],
        [
          16,
          0.07216910174605445
        ],
        [
          3,
          0.07084745587477621
        ],
        [
          4,
          0.06947652829304353
        ],
        [
          6,
          0.06867078955848067
        ]
      ]
    },
    "遗漏值推荐(冷号反弹)": {
      "red_candidates": [
        17,
        14,
        11,
        12,
        5,
        21,
        7,
        8,
        18,
        32
      ],
      "missing_values": [
        [
          17,
          11
        ],
        [
          14,
          10
        ],
        [
          11,
          9
        ],
        [
          12,
          9
        ],
        [
          5,
          7
        ],
        [
          21,
          7
        ],
        [
          7,
          6
        ],
        [
          8,
          6
        ],
        [
          18,
          6
        ],
        [
          32,
          6
        ]
      ]
    },
    "混合推荐(平衡法)": {
      "red_candidates": [
        9,
        10,
        26,
        2,
        6,
        19,
        17,
        22,
        27,
        8
      ],
      "scores": [
        [
          9,
          0.026564144308413647
        ],
        [
          10,
          0.026056088442149457
        ],
        [
          26,
          0.025762039746870354
        ],
        [
          2,
          0.02542406761871198
        ],
        [
          6,
          0.024740009653249163
        ],
        [
          19,
          0.024568817706817028
        ],
        [
          17,
          0.02422172593965953
        ],
        [
          22,
          0.023956948041003324
        ],
        [
          27,
          0.023655036161377808
        ],
        [
          8,
          0.023554766592753275
        ]
      ]
    }
  },
  "final_recommendation": {
    "red_balls": [
      2,
      6,
      9,
      10,
      19,
      26
    ],
    "blue_ball": 15,
    "description": "基于混合推荐算法的最优组合"
  }
}